{"2": 0.082897748719245, "4": 0.3832088080888976, "6": 0.384620217283486, "7": 0.14927322590837144}