{"2": 0.09608471328569115, "4": 0.3784645579126513, "6": 0.37433053589564885, "7": 0.15112019290600878}