{"1": 0.2817877014442823, "3": 0.24650669164404812, "4": 0.29756235326378744, "7": 0.17414325364788236}