{"2": 0.11431015391642237, "4": 0.3719909517159634, "6": 0.3647496742086917, "7": 0.14894922015892245}