{"2": 0.08311899439619262, "4": 0.38185529308101385, "6": 0.3834470305726463, "7": 0.15157868195014718}