{"2": 0.08329939395018712, "4": 0.39277512739292536, "6": 0.37939438082094784, "7": 0.14453109783593962}