{"1": 0.2980962444748731, "3": 0.2532263262357478, "4": 0.2902302643895647, "7": 0.15844716489981434}