{"1": 0.2927089754172309, "3": 0.25797510697672976, "4": 0.2954167495282465, "7": 0.1538991680777929}