{"2": 0.09939234195804379, "4": 0.37182300208431207, "6": 0.3662859847076665, "7": 0.16249867124997763}