{"1": 0.2916882172459788, "3": 0.2544147542129971, "4": 0.30174572509879655, "7": 0.15215130344222763}