{"2": 0.0993173315316074, "4": 0.36777852217564666, "6": 0.3805157269241064, "7": 0.15238841936863953}