{"2": 0.07686368802027164, "4": 0.3907107311762017, "6": 0.3761330828990806, "7": 0.15629249790444594}