{"1": 0.27290024461551565, "3": 0.24558476756964476, "4": 0.287706012099172, "7": 0.19380897571566763}