{"1": 0.30194707096055706, "3": 0.257446798841405, "4": 0.2998595763492383, "7": 0.1407465538487996}