{"1": 0.3005660218463323, "3": 0.2584148123302913, "4": 0.3045828406705385, "7": 0.13643632515283782}