{"2": 0.09339231068933469, "4": 0.3655898378229598, "6": 0.37598934886687546, "7": 0.16502850262083}