{"1": 0.2949091010999529, "3": 0.25349980279790785, "4": 0.2903501514667462, "7": 0.16124094463539299}