{"1": 0.29471189265982217, "3": 0.24944612263218735, "4": 0.2969384815141045, "7": 0.158903503193886}