{"2": 0.12196849666229474, "4": 0.3470859987968251, "6": 0.3551308818561431, "7": 0.175814622684737}