{"1": 0.3035645054144773, "3": 0.2632736599390064, "4": 0.29934162816803517, "7": 0.13382020647848109}