{"2": 0.0759849911089084, "4": 0.39197207433702325, "6": 0.3812977057956614, "7": 0.15074522875840704}