{"1": 0.29072657816514225, "3": 0.2513758176891731, "4": 0.3015300890902041, "7": 0.15636751505548055}