{"1": 0.28826777936399567, "3": 0.25590026650595277, "4": 0.2955093837003799, "7": 0.1603225704296716}