{"2": 0.08933805177199503, "4": 0.3764054097439756, "6": 0.38245619434562994, "7": 0.15180034413839938}