{"1": 0.2869661860971386, "3": 0.24573611955028343, "4": 0.2985006250075674, "7": 0.1687970693450107}