{"1": 0.29344197332722655, "3": 0.2646268872568345, "4": 0.29137758336817937, "7": 0.15055355604775958}