{"1": 0.2957558594719367, "3": 0.25365619890020746, "4": 0.29541743772217627, "7": 0.1551705039056796}