{"1": 0.2965527974761416, "3": 0.26214267974066774, "4": 0.3036564776911719, "7": 0.13764804509201864}