{"2": 0.10914152095936284, "4": 0.36478926249236493, "6": 0.3578774343013089, "7": 0.16819178224696338}