{"1": 0.29171731945877827, "3": 0.2595301615149178, "4": 0.30089334541319834, "7": 0.14785917361310552}