{"1": 0.29606843296546853, "3": 0.26321548354010893, "4": 0.29538057926874706, "7": 0.14533550422567557}