{"1": 0.29684273601934236, "3": 0.26099586732997065, "4": 0.30213762895011276, "7": 0.14002376770057423}