{"2": 0.0964055426817938, "4": 0.38272513842011124, "6": 0.3730203410756483, "7": 0.14784897782244677}