{"2": 0.11663933149777282, "4": 0.35249540189467465, "6": 0.36517875611821193, "7": 0.16568651048934058}