{"1": 0.3011184416484517, "3": 0.25961535199823715, "4": 0.2987347553317119, "7": 0.1405314510215992}