{"2": 0.08604047399960559, "4": 0.3769280590268211, "6": 0.3800323308903094, "7": 0.1569991360832638}