{"1": 0.2847098263098539, "3": 0.24353501591973578, "4": 0.29572040392785603, "7": 0.17603475384255435}