{"2": 0.13925048553581032, "4": 0.35062758345325495, "6": 0.34815549667754825, "7": 0.16196643433338653}