{"1": 0.2971379526316034, "3": 0.25084612219460883, "4": 0.2970859629755482, "7": 0.15492996219823962}