{"1": 0.2941642689181697, "3": 0.26066517320754556, "4": 0.3004443625196206, "7": 0.1447261953546642}