{"1": 0.298722043331335, "3": 0.2553650558407285, "4": 0.3041698703109223, "7": 0.14174303051701398}