{"2": 0.09450483178845337, "4": 0.3767770392672176, "6": 0.37472415836612294, "7": 0.15399397057820613}