{
    "1": 0.29688458692268793,
    "3": 0.2662874295637908,
    "4": 0.2863925862711739,
    "7": 0.1504353972423474
}
