{"2": 0.07958868792741768, "4": 0.3812242076390232, "6": 0.38543522039412986, "7": 0.15375188403942935}