{"2": 0.149082757791227, "4": 0.338603724495459, "6": 0.34957501089891113, "7": 0.1627385068144028}