{"1": 0.2938534272577908, "3": 0.2603489785083859, "4": 0.2940170095055998, "7": 0.15178058472822345}