{"2": 0.10573601214664899, "4": 0.36966200936823174, "6": 0.36755162233211197, "7": 0.15705035615300728}