{"1": 0.2938334632975169, "3": 0.2526519861032697, "4": 0.3035589439639283, "7": 0.14995560663528512}