{"2": 0.08286127595016149, "4": 0.38556356479025067, "6": 0.3799752499683272, "7": 0.15159990929126074}