{"2": 0.1595073267187716, "4": 0.3179443439111213, "6": 0.3382501945629906, "7": 0.18429813480711651}