{"2": 0.08322105722995844, "4": 0.38493800114062365, "6": 0.3768338106467182, "7": 0.1550071309826996}