{"1": 0.29024241502995113, "3": 0.2534303041959515, "4": 0.29612442577252046, "7": 0.1602028550015769}