{"2": 0.09745325950513606, "4": 0.367755512136244, "6": 0.37240993718199705, "7": 0.16238129117662295}