{"2": 0.09958811224942317, "4": 0.3676565294838244, "6": 0.3749825334370398, "7": 0.1577728248297127}