{"1": 0.28850485430171724, "3": 0.2525375597680965, "4": 0.30201654401740324, "7": 0.15694104191278302}