{"1": 0.2856196848580312, "3": 0.24913974875847147, "4": 0.28946321381844975, "7": 0.17577735256504765}