{"2": 0.11739452302321261, "4": 0.3647240739972539, "6": 0.34992716730804635, "7": 0.16795423567148712}