{"2": 0.10128802825141774, "4": 0.37115981748582494, "6": 0.3586405626682473, "7": 0.16891159159451}