{"1": 0.30017531011153264, "3": 0.2583193878210694, "4": 0.2990411407271301, "7": 0.14246416134026782}