{"1": 0.3031864014123371, "3": 0.26869855543687393, "4": 0.3041169326133936, "7": 0.12399811053739528}