{"2": 0.12263537507467244, "4": 0.3362202690187968, "6": 0.3471039052425378, "7": 0.19404045066399295}