{"2": 0.11340934103876923, "4": 0.3642216679266806, "6": 0.35948496828893856, "7": 0.1628840227456116}