{"2": 0.09060754085286275, "4": 0.3711105964003813, "6": 0.37759296584663793, "7": 0.16068889690011798}