{"1": 0.296761769464971, "3": 0.2575567570354545, "4": 0.30606228927917634, "7": 0.13961918422039823}