{"1": 0.29196266264382925, "3": 0.25341237513343084, "4": 0.3014655059355966, "7": 0.15315945628714325}