{"2": 0.08416620354198881, "4": 0.367279385415854, "6": 0.37881064542396925, "7": 0.16974376561818807}