{"2": 0.08080731483628836, "4": 0.3869561326375915, "6": 0.38667775668331916, "7": 0.14555879584280093}