{"2": 0.10752269231047586, "4": 0.3677262588050412, "6": 0.36587118396340684, "7": 0.15887986492107609}