{"1": 0.28781987832867245, "3": 0.25045814717267273, "4": 0.2923666742166068, "7": 0.16935530028204793}