{"2": 0.12372029887197741, "4": 0.3645967248583936, "6": 0.3599049423967843, "7": 0.1517780338728447}