{"1": 0.28943515013460897, "3": 0.2529822149620475, "4": 0.29719703717469886, "7": 0.16038559772864458}