{"2": 0.11988696320099733, "4": 0.35043295420686854, "6": 0.3549450540877173, "7": 0.17473502850441675}