{"1": 0.29215976434654634, "3": 0.25992200858284725, "4": 0.29867478655911556, "7": 0.14924344051149102}