{"1": 0.3043286543552135, "3": 0.2531783990787649, "4": 0.3010401465506618, "7": 0.14145280001535973}