{"2": 0.15880423234106594, "4": 0.32476823191972287, "6": 0.3369156480484403, "7": 0.1795118876907708}