{"2": 0.11350033731343077, "4": 0.3647359568064079, "6": 0.3553940852381254, "7": 0.16636962064203586}