{"2": 0.11353443090391883, "4": 0.37502786167860724, "6": 0.35874644645082954, "7": 0.15269126096664437}