{"1": 0.2816589792952344, "3": 0.2452669323058655, "4": 0.2914086163200457, "7": 0.18166547207885436}