{"1": 0.300621532913072, "3": 0.2608665631224341, "4": 0.2988043482030783, "7": 0.1397075557614157}