{"2": 0.1223831942990071, "4": 0.3650989323949372, "6": 0.35283627587599203, "7": 0.1596815974300637}