{"1": 0.2975924310503791, "3": 0.25818968169105316, "4": 0.29393938653024304, "7": 0.15027850072832472}